Workbook

Sheet Attendance
A1: SN | B1: Name | C1: Position | D1: ID | E1: P/A | F1: Location
A2: 1 | B2: Mohammad El Barakeh | C2: Project Director | D2: 2478 | E2: P | F2: Main Office
A3: 2 | B3: Ahmed El Hanash | C3: Project Manager | D3: 1272 | E3: P | F3: Main Office
A4: 3 | B4: Taj Wali | C4: Safety Manager | D4: 2858 | E4: P | F4: Main Office
A5: 4 | B5: Mohammed Abdelnaser | C5: QA/QC Manager | D5: 2691 | E5: P | F5: Main Office
A6: 5 | B6: Inayat | C6: QA/QC Enginner | D6: 3337 | E6: P | F6: Main Office
A7: 6 | B7: Sardar Nayab | C7: QA/QC Enginner | D7: 4585 | E7: P | F7: Main Office
A8: 7 | B8: Shahbaz Ahmad | C8: QA/QC Enginner | D8: 3760 | E8: P | F8: Main Office
A9: 8 | B9: Jan Dastagir | C9: QA/QC Enginner | D9: 3801 | E9: P | F9: Main Office
A10: 9 | B10: Mohammad Fowzan | C10: Q Surveyor Engineer | D10: 2687 | E10: P | F10: Main Office
A11: 10 | B11: Marwan Khalil | C11: Planning Engineer | D11: 4717 | E11: P | F11: Main Office
A12: 11 | B12: Mohammad Shariq | C12: Environmental Engineer | D12: 4797 | E12: P | F12: Main Office
A13: 12 | B13: Kareem Mostafa | C13: Project Engineer | D13: 1835 | E13: P | F13: Main Office
... A35: 34 | B35: Yahdia Raghoua | C35: Site Supervisor | D35: 1435 | E35: P | F35: B3
A36: 35 | B36: Waseem Aftab | C36: General Foreman | D36: 4816 | E36: P | F36: =_xlfn.XLOOKUP(D36,Sheet1!A$2:A$135,Sheet1!B$2:B$135,"Not Found",0) -> B2
A37: 36 | B37: Khalid Halim | C37: General Foreman | D37: 4064 | E37: P | F37: B3
A38: 37 | B38: Shahen Jalal | C38: General Foreman | D38: 2629 | E38: P | F38: =_xlfn.XLOOKUP(D38,Sheet1!A$2:A$135,Sheet1!B$2:B$135,"Not Found",0) -> B3
A39: 38 | B39: Abdelkarim Khari | C39: General Foreman | D39: 4077 | E39: P | F39: B2
A40: 39 | B40: Mahmoud Eid Abdelhady | C40: Painter Foreman | D40: 4510 | E40: P | F40: B3
A41: 40 | B41: Mohammad Wasi | C41: General Foreman | D41: 3004 | E41: P | F41: =_xlfn.XLOOKUP(D41,Sheet1!A$2:A$135,Sheet1!B$2:B$135,"Not Found",0) -> B3
A42: 41 | B42: Imran ahmad | C42: General Foreman | D42: 3005 | E42: P | F42: B3
A43: 42 | B43: Ayman Raafat | C43: General Foreman | D43: 3753 | E43: P | F43: Villa
A44: 43 | B44: Maher Al Asmar | C44: Carpenter Foreman | D44: 3845 | E44: P | F44: Villa
A45: 44 | B45: Adnan Shakeel | C45: Gypsum Team Leader | D45: 4744 | E45: P | F45: =_xlfn.XLOOKUP(D45,Sheet1!A$2:A$135,Sheet1!B$2:B$135,"Not Found",0) -> B3
A46: 45 | B46: Foridul Islam | C46: Gypsum-Team Leader | D46: 2581 | E46: P | F46: =_xlfn.XLOOKUP(D46,Sheet1!A$2:A$135,Sheet1!B$2:B$135,"Not Found",0) -> Villa
A47: 46 | B47: Sohel Rana | C47: Helper/Ass.StoreKeeper | D47: 4091 | E47: P | F47: =_xlfn.XLOOKUP(D47,Sheet1!A$2:A$135,Sheet1!B$2:B$135,"Not Found",0) -> Villa
A48: 47 | B48: Akaeid Abdul | C48: Helper/Ass.StoreKeeper | D48: 2888 | E48: P | F48: =_xlfn.XLOOKUP(D48,Sheet1!A$2:A$135,Sheet1!B$2:B$135,"Not Found",0) -> B2
A49: 48 | B49: Saroj Kumar | C49: Helper/Camp | D49: 2175 | E49: P | F49: CAMP
A50: 49 | B50: Sourav Hasan | C50: Helper/Camp | D50: 4092 | E50: P | F50: CAMP
A51: 50 | B51: Bishnu Prasad | C51: Helper | D51: 3083 | E51: P | F51: =_xlfn.XLOOKUP(D51,Sheet1!A$2:A$135,Sheet1!B$2:B$135,"Not Found",0) -> B3
A52: 51 | B52: Hasib Molla | C52: Helper | D52: 4084 | E52: P | F52: =_xlfn.XLOOKUP(D52,Sheet1!A$2:A$135,Sheet1!B$2:B$135,"Not Found",0) -> LayDown
A53: 52 | B53: Muha Mintu Sarder | C53: Helper | D53: 4090 | E53: P | F53: =_xlfn.XLOOKUP(D53,Sheet1!A$2:A$135,Sheet1!B$2:B$135,"Not Found",0) -> B3
A54: 53 | B54: Suman Miah | C54: Helper | D54: 4093 | E54: P | F54: =_xlfn.XLOOKUP(D54,Sheet1!A$2:A$135,Sheet1!B$2:B$135,"Not Found",0) -> B3
A55: 54 | B55: MD Al Amin | C55: Helper | D55: 4094 | E55: P | F55: =_xlfn.XLOOKUP(D55,Sheet1!A$2:A$135,Sheet1!B$2:B$135,"Not Found",0) -> LayDown
A56: 55 | B56: Kashem Miah | C56: Helper | D56: 2314 | E56: P | F56: =_xlfn.XLOOKUP(D56,Sheet1!A$2:A$135,Sheet1!B$2:B$135,"Not Found",0) -> Villa
A57: 56 | B57: Dilshad Anish | C57: Helper | D57: 2232 | E57: P | F57: =_xlfn.XLOOKUP(D57,Sheet1!A$2:A$135,Sheet1!B$2:B$135,"Not Found",0) -> B2
A58: 57 | B58: Nur Mohammed | C58: Helper | D58: 3206 | E58: P | F58: =_xlfn.XLOOKUP(D58,Sheet1!A$2:A$135,Sheet1!B$2:B$135,"Not Found",0) -> B2
A59: 58 | B59: Mansoor Al Qadhi | C59: Helper | D59: 2462 | E59: P | F59: =_xlfn.XLOOKUP(D59,Sheet1!A$2:A$135,Sheet1!B$2:B$135,"Not Found",0) -> B2
A60: 59 | B60: Ashraf Khan | C60: Helper | D60: 3129 | E60: P | F60: =_xlfn.XLOOKUP(D60,Sheet1!A$2:A$135,Sheet1!B$2:B$135,"Not Found",0) -> B3
A61: 60 | B61: Kaucar Miah | C61: Helper/GypsTeamLeader | D61: 2336 | E61: P | F61: =_xlfn.XLOOKUP(D61,Sheet1!A$2:A$135,Sheet1!B$2:B$135,"Not Found",0) -> B3
A62: 61 | B62: Naik Muhammad | C62: Helper | D62: 4254 | E62: P | F62: =_xlfn.XLOOKUP(D62,Sheet1!A$2:A$135,Sheet1!B$2:B$135,"Not Found",0) -> B2
... A85: 84 | B85: Alam Ansari | C85: Painter | D85: 3076 | E85: P | F85: =_xlfn.XLOOKUP(D85,Sheet1!A$2:A$135,Sheet1!B$2:B$135,"Not Found",0) -> B3
A86: 85 | B86: Aksirul | C86: Painter | D86: 4342 | E86: A | F86: B3
A87: 86 | B87: Muhammad Shahid | C87: Painter | D87: 4791 | E87: P | F87: =_xlfn.XLOOKUP(D87,Sheet1!A$2:A$135,Sheet1!B$2:B$135,"Not Found",0) -> B3
A88: 87 | B88: BHARAT SAHANI | C88: Painter | D88: 4170 | E88: P | F88: =_xlfn.XLOOKUP(D88,Sheet1!A$2:A$135,Sheet1!B$2:B$135,"Not Found",0) -> Villa
A89: 88 | B89: LALIT KUMAR ROKA | C89: Painter | D89: 4159 | E89: P | F89: =_xlfn.XLOOKUP(D89,Sheet1!A$2:A$135,Sheet1!B$2:B$135,"Not Found",0) -> B3
A90: 89 | B90: MITHLESH KUMAR MAHATO | C90: Painter | D90: 4168 | E90: P | F90: =_xlfn.XLOOKUP(D90,Sheet1!A$2:A$135,Sheet1!B$2:B$135,"Not Found",0) -> Villa
A91: 90 | B91: RAM SNEHI MAHATO | C91: Painter | D91: 4172 | E91: P | F91: =_xlfn.XLOOKUP(D91,Sheet1!A$2:A$135,Sheet1!B$2:B$135,"Not Found",0) -> B3
A92: 91 | B92: Gyani Mahato | C92: Painter | D92: 4204 | E92: P | F92: =_xlfn.XLOOKUP(D92,Sheet1!A$2:A$135,Sheet1!B$2:B$135,"Not Found",0) -> B3
A93: 92 | B93: Manik Hossain | C93: Painter | D93: 4555 | E93: P | F93: =_xlfn.XLOOKUP(D93,Sheet1!A$2:A$135,Sheet1!B$2:B$135,"Not Found",0) -> B3
A94: 93 | B94: SAJJAD ANWAR | C94: Painter | D94: 4158 | E94: P | F94: =_xlfn.XLOOKUP(D94,Sheet1!A$2:A$135,Sheet1!B$2:B$135,"Not Found",0) -> B3
A95: 94 | B95: NANDARAM PASI | C95: Painter | D95: 4165 | E95: P | F95: =_xlfn.XLOOKUP(D95,Sheet1!A$2:A$135,Sheet1!B$2:B$135,"Not Found",0) -> B2
A96: 95 | B96: RAKESH SAHANI | C96: Painter | D96: 4166 | E96: P | F96: =_xlfn.XLOOKUP(D96,Sheet1!A$2:A$135,Sheet1!B$2:B$135,"Not Found",0) -> Villa
A97: 96 | B97: SURENDRA KUMAR YADAV | C97: Painter | D97: 4174 | E97: P | F97: =_xlfn.XLOOKUP(D97,Sheet1!A$2:A$135,Sheet1!B$2:B$135,"Not Found",0) -> Villa
A98: 97 | B98: Dev Narayan | C98: Painter | D98: 4203 | E98: P | F98: =_xlfn.XLOOKUP(D98,Sheet1!A$2:A$135,Sheet1!B$2:B$135,"Not Found",0) -> B3
... A121: 120 | B121: Mohammad Sad | C121: Gypsum Installer | D121: 4082 | E121: P | F121: =_xlfn.XLOOKUP(D121,Sheet1!A$2:A$135,Sheet1!B$2:B$135,"Not Found",0) -> Villa
A122: 121 | B122: Said Moujan | C122: Gypsum Installer | D122: 4061 | E122: A | F122: Villa
A123: 122 | B123: Muhaamd Taussat | C123: Gypsum Installer | D123: 4066 | E123: A | F123: Villa
A124: 123 | B124: Abdel halim | C124: Gypsum Installer | D124: 4065 | E124: P | F124: =_xlfn.XLOOKUP(D124,Sheet1!A$2:A$135,Sheet1!B$2:B$135,"Not Found",0) -> Villa
A125: 124 | B125: Yousuf imached | C125: Gypsum Installer | D125: 4080 | E125: P | F125: =_xlfn.XLOOKUP(D125,Sheet1!A$2:A$135,Sheet1!B$2:B$135,"Not Found",0) -> B3
A126: 125 | B126: Idir Ati - Ba | C126: Gypsum Installer | D126: 4071 | E126: P | F126: =_xlfn.XLOOKUP(D126,Sheet1!A$2:A$135,Sheet1!B$2:B$135,"Not Found",0) -> Villa
A127: 126 | B127: Youssef El Ibrahymy | C127: Gypsum Installer | D127: 4072 | E127: P | F127: =_xlfn.XLOOKUP(D127,Sheet1!A$2:A$135,Sheet1!B$2:B$135,"Not Found",0) -> Villa
A128: 128 | B128: Yahya Al Khali | C128: Mason-Tiler | D128: 2300 | E128: P | F128: =_xlfn.XLOOKUP(D128,Sheet1!A$2:A$135,Sheet1!B$2:B$135,"Not Found",0) -> B3
A129: 129 | B129: Joe Romano | C129: Mason-Tiler | D129: 3108 | E129: P | F129: =_xlfn.XLOOKUP(D129,Sheet1!A$2:A$135,Sheet1!B$2:B$135,"Not Found",0) -> B3
A130: 130 | B130: Jomar Rosels | C130: Mason-Tiler | D130: 3231 | E130: P | F130: =_xlfn.XLOOKUP(D130,Sheet1!A$2:A$135,Sheet1!B$2:B$135,"Not Found",0) -> Villa
A131: 131 | B131: Anil Kumar | C131: Mason-Tiler | D131: 3091 | E131: P | F131: =_xlfn.XLOOKUP(D131,Sheet1!A$2:A$135,Sheet1!B$2:B$135,"Not Found",0) -> B3
A132: 132 | B132: Iliyas Jafar Hasan | C132: Mason-Tiler | D132: 4423 | E132: P | F132: =_xlfn.XLOOKUP(D132,Sheet1!A$2:A$135,Sheet1!B$2:B$135,"Not Found",0) -> Villa
A133: 133 | B133: Mohammad Irshad | C133: Mason-Tiler | D133: 2005 | E133: P | F133: =_xlfn.XLOOKUP(D133,Sheet1!A$2:A$135,Sheet1!B$2:B$135,"Not Found",0) -> Villa
A134: 134 | B134: Umesh Kumar | C134: Mason-Tiler | D134: 2014 | E134: P | F134: =_xlfn.XLOOKUP(D134,Sheet1!A$2:A$135,Sheet1!B$2:B$135,"Not Found",0) -> B3
A135: 135 | B135: Ahmad Ansari | C135: Mason-Tiler | D135: 4632 | E135: P | F135: =_xlfn.XLOOKUP(D135,Sheet1!A$2:A$135,Sheet1!B$2:B$135,"Not Found",0) -> B3
... A149: 149 | B149: Mahavir Gupta | C149: Mason-Tiler | D149: 1949 | E149: P | F149: =_xlfn.XLOOKUP(D149,Sheet1!A$2:A$135,Sheet1!B$2:B$135,"Not Found",0) -> B3
A150: 150 | B150: Tikka Khan | C150: Mason-Tiler | D150: 4656 | E150: A | F150: Villa
A151: 151 | B151: Ceferino Pasion | C151: Mason-Tiler | D151: 1758 | E151: P | F151: =_xlfn.XLOOKUP(D151,Sheet1!A$2:A$135,Sheet1!B$2:B$135,"Not Found",0) -> B3
A152: 152 | B152: Welgie Ayunting | C152: Mason-Tiler | D152: 3228 | E152: P | F152: =_xlfn.XLOOKUP(D152,Sheet1!A$2:A$135,Sheet1!B$2:B$135,"Not Found",0) -> B3
A153: 153 | B153: Asif Abdul | C153: Mason-Tiler | D153: 2918 | E153: P | F153: =_xlfn.XLOOKUP(D153,Sheet1!A$2:A$135,Sheet1!B$2:B$135,"Not Found",0) -> B3
A154: 154 | B154: John Michael | C154: Mason-Tiler | D154: 3230 | E154: P | F154: =_xlfn.XLOOKUP(D154,Sheet1!A$2:A$135,Sheet1!B$2:B$135,"Not Found",0) -> Villa
A155: 155 | B155: Mohd Irshad | C155: Carpenter | D155: 4040 | E155: P | F155: =_xlfn.XLOOKUP(D155,Sheet1!A$2:A$135,Sheet1!B$2:B$135,"Not Found",0) -> Villa
A156: 156 | B156: Mohammad Nihal | C156: Carpenter | D156: 4644 | E156: P | F156: =_xlfn.XLOOKUP(D156,Sheet1!A$2:A$135,Sheet1!B$2:B$135,"Not Found",0) -> B3
A157: 157 | B157: Mukesh Kumar | C157: Carpenter | D157: 2424 | E157: P | F157: =_xlfn.XLOOKUP(D157,Sheet1!A$2:A$135,Sheet1!B$2:B$135,"Not Found",0) -> B3
A158: 158 | B158: Muhammad Abdullah | C158: Carpenter | D158: 4626 | E158: P | F158: =_xlfn.XLOOKUP(D158,Sheet1!A$2:A$135,Sheet1!B$2:B$135,"Not Found",0) -> B3
A159: 159 | B159: Saroj Kumaer | C159: Carpenter | D159: 2180 | E159: P | F159: =_xlfn.XLOOKUP(D159,Sheet1!A$2:A$135,Sheet1!B$2:B$135,"Not Found",0) -> Villa
A160: 160 | B160: Noor l Bashr | C160: Carpenter | D160: 4627 | E160: P | F160: =_xlfn.XLOOKUP(D160,Sheet1!A$2:A$135,Sheet1!B$2:B$135,"Not Found",0) -> B3
A161: 161 | B161: MD Safiullah | C161: Carpenter | D161: 4795 | E161: P | F161: =_xlfn.XLOOKUP(D161,Sheet1!A$2:A$135,Sheet1!B$2:B$135,"Not Found",0) -> B3
A162: 162 | B162: MD Rafikul Islam | C162: Carpenter | D162: 4603 | E162: P | F162: =_xlfn.XLOOKUP(D162,Sheet1!A$2:A$135,Sheet1!B$2:B$135,"Not Found",0) -> B2
... A164: 164 | B164: Mohammad Sadik | C164: Carpenter | D164: 4446 | E164: P | F164: =_xlfn.XLOOKUP(D164,Sheet1!A$2:A$135,Sheet1!B$2:B$135,"Not Found",0) -> B3
A165: 165 | B165: Sharif Molla | C165: Carpenter | D165: 1615 | E165: A | F165: B3
A166: 166 | B166: Shahroz Ali | C166: Carpenter | D166: 3509 | E166: P | F166: =_xlfn.XLOOKUP(D166,Sheet1!A$2:A$135,Sheet1!B$2:B$135,"Not Found",0) -> B3
A167: 167 | B167: Ansar Ahmad | C167: Polishing | D167: 4481 | E167: P | F167: =_xlfn.XLOOKUP(D167,Sheet1!A$2:A$135,Sheet1!B$2:B$135,"Not Found",0) -> Villa
A168: 168 | B168: Mohammad Alam Hussain | C168: Polishing | D168: 1424 | E168: P | F168: =_xlfn.XLOOKUP(D168,Sheet1!A$2:A$135,Sheet1!B$2:B$135,"Not Found",0) -> B3
A169: 169 | B169: Swapon Hossain | C169: Polishing | D169: 2105 | E169: P | F169: =_xlfn.XLOOKUP(D169,Sheet1!A$2:A$135,Sheet1!B$2:B$135,"Not Found",0) -> B3
A170: 170 | B170: Ashish Lal Mahara | C170: Polishing | D170: 2291 | E170: P | F170: =_xlfn.XLOOKUP(D170,Sheet1!A$2:A$135,Sheet1!B$2:B$135,"Not Found",0) -> B3
A171: 171 | B171: Lloyd Semblante | C171: Polishing | D171: 1774 | E171: P | F171: =_xlfn.XLOOKUP(D171,Sheet1!A$2:A$135,Sheet1!B$2:B$135,"Not Found",0) -> B3
A172: 172 | B172: Mohammad Raees | C172: Polishing | D172: 4453 | E172: P | F172: =_xlfn.XLOOKUP(D172,Sheet1!A$2:A$135,Sheet1!B$2:B$135,"Not Found",0) -> Villa
A173: 173 | B173: Ali Asghar | C173: Polishing | D173: 3765 | E173: P | F173: =_xlfn.XLOOKUP(D173,Sheet1!A$2:A$135,Sheet1!B$2:B$135,"Not Found",0) -> Villa
A174: 174 | B174: Haridev Yadav | C174: Janitor/office boy | D174: 2952 | E174: P | F174: Main Office
A175: 175 | B175: MD Sohel | C175: Janitor/Camp | D175: 3990 | E175: P | F175: CAMP
A176: 176 | B176: Mohammad Dhapali | C176: Janitor/Camp | D176: 4217 | E176: P | F176: CAMP
A177: 177 | B177: Md Israil Hossen | C177: Janitor/Camp | D177: 3857 | E177: P | F177: CAMP
A178: 178 | B178: Anil Kumar Mandal | C178: Scaffolder | D178: 2172 | E178: P | F178: =_xlfn.XLOOKUP(D178,Sheet1!A$2:A$135,Sheet1!B$2:B$135,"Not Found",0) -> Villa
A179: 179 | B179: Jamshed Ansari | C179: Electrician | D179: 1947 | E179: P | F179: =_xlfn.XLOOKUP(D179,Sheet1!A$2:A$135,Sheet1!B$2:B$135,"Not Found",0) -> Villa
...

Sheet Sheet1
A1: 3845 | B1: Villa
A2: 2581 | B2: Villa
A3: 4091 | B3: Villa
A4: 2314 | B4: Villa
A5: 4890 | B5: Villa
A6: 4272 | B6: Villa
A7: 4273 | B7: Villa
A8: 4275 | B8: Villa
A9: 3304 | B9: Villa
A10: 3989 | B10: Villa
A11: 2219 | B11: Villa
A12: 2875 | B12: Villa
... A135: 3240 | B135: LayDown
